Estudio,Organismo / sistema / región,n poblaciones,n individuos (total; por población),Marcadores (tipo; número),Predictor biótico: interacción y descriptores,Predictor: cómo se obtuvo (medido / modelado / encuesta / proxy),Predictor: escala espacial,Predictor: ¿definición fijada antes de ver el genoma?,Predictores abióticos en el modelo y cómo se seleccionaron,"Control de estructura poblacional (método, K, sensibilidad)",Control espacial explícito,"Método(s) GEA, combinación, criterio de candidatos, multiplicidad",Nulo empírico por permutación (sí/no; a qué nivel),Validación fuera de muestra / independiente,Resultado reportado sobre el predictor biótico,¿Reportan confusión biótico–estructura? Qué pasó al condicionar [ARG. (a)],Limitaciones declaradas por los autores,Limitaciones NO declaradas (lectura propia),Páginas / figuras clave para verbatims (Bloque D),Estado,Uso
Laccetti 2025,"Brassica incana; comunidad de polinizadores (mismas observaciones 2018–2019 de Frachon 2023) y clima, con 17 rasgos de semilla como fenotipos en GWA paralela; 14 poblaciones silvestres del sur de Italia (subconjunto de las 21 de Frachon 2023).",14,"Pool-Seq: media 27.7 individuos por población (mediana 29); mismo dato genómico de Frachon 2023, SNP calling re-hecho para las 14.","Pool-Seq vs genoma de novo de B. incana; 3,952,000 SNPs tras filtros (MAF ≥0.07, 139 super-scaffolds; FreeBayes).","9 descriptores: visitas de 5 categorías funcionales de polinizadores (abejas de lengua larga, abejorros, abejas grandes, sírfidos, moscas pequeñas) + 4 índices de red bipartita (species strength, d, grado normalizado, diversidad de socios).",MEDIDO en campo (las mismas observaciones de visitas de Frachon 2023). Las 5 categorías se seleccionaron POR haber resultado bajo selección en Frachon 2023 — mismo sistema y mismo dato.,Población. Regional (sur de Italia).,NO: selección de variables bióticas condicionada a resultados previos obtenidos sobre el mismo conjunto de datos (circularidad declarada abiertamente en Métodos).,"4 variables de clima ClimateEU v4.63 (MAT, MAP, temperatura y precipitación medias de otoño).","Escala regional + matriz Ω de BayPass. Diagnóstico SVD sin corrección: PC1 = 87.8% de la varianza genómica (vs 94.3% con las 21 pobs); declaran estructura ""no fuerte""; sin análisis de sensibilidad.",Ninguno.,"BayPass core (BFdB; 3 corridas promediadas; 17 sub-datasets de ~208,000 SNPs) + local score ξ=3; candidatos = cola superior 0.05% con >3 SNPs; genes en la región ±1 gen (Libourel). GWA de 17 rasgos de semilla con el mismo modelo. Multiplicidad: ninguna (umbral de cola).","NO para la asociación. Sí para el enriquecimiento XtX de los rasgos: 10,000 permutaciones circulares (nivel genómico, no del predictor).",NO.,"5 genes candidatos compartidos entre GWA de rasgos de semilla y GEA: 3 genes de dormancia compartidos con abejas de lengua larga (incl. PAP3, fibrilina: atracción floral + ruptura de dormancia) y 4 de tamaño relativo del embrión con moscas pequeñas (incl. MYB73); 124 genes candidatos de rasgos en total; enriquecimiento XtX en 16/17 rasgos (hasta ~130× en dormancia).","PARCIAL: reportan el SVD sin corrección (PC1 87.8%) y lo declaran no fuerte, confiando en Ω; a diferencia de Frachon 2023, NO examinan la correlación de los predictores con los ejes genómicos.","(1) Rasgos de semilla medidos en semillas colectadas en campo: posibles efectos ambientales/maternos sobre la arquitectura inferida; (2) año de colecta único (2023) puede influir; (3) piden common garden; título y texto hablan de señales ""putativas"".","Tercer estudio del sistema B. incana con el mismo dato genómico y de polinizadores (Frachon 2023, Laccetti 2025 UFUG, este): no es réplica independiente y acentúa la concentración autoral del corpus. Predictores bióticos elegidos post hoc. Sin nulo al nivel del predictor, sin validación fuera de muestra; n = 14 pools.","Métodos ""Genome association studies"" (selección de variables y cita de circularidad; SVD 87.8%); Resultados ""Multiple candidate genes..."" (los 5 genes compartidos; PAP3; MYB73); Tabla 1 del artículo (enriquecimientos XtX por rasgo). Artículo Comm Biol 8:1225, pp. 1–11.",Extraído texto completo 28/09/2026,Review
Sheppard 2022,"Anthus berthelotii (bisbita de Berthelot); poxvirus aviar como presión espacialmente heterogénea; 12 islas / 13 poblaciones de Macaronesia (Canarias, Selvagens, Madeira).",13 (incl. El Teide como población aparte).,"ddRAD: 20 por población (22 en Tenerife bajo); campo: 1,661 aves (2005–2020).","ddRAD vs genoma de diamante mandarín; 9,960 SNPs → 3,525 (MAF≥0.05) → 2,334 tras poda de LD.","Prevalencia poblacional de poxvirus: individuos con lesiones visibles / capturados, acumulada 2005–2020, estandarizada. Consistente en el tiempo (r=0.72 entre años).","MEDIDO en campo (inspección de lesiones en 1,661 aves; sin diagnóstico molecular disponible — posibles asintomáticos mal clasificados, declarado).",Población (isla). Rango completo de la especie.,No declarado (dato ddRAD preexistente de Armstrong 2018; prevalencia calculada después).,Ninguno en el GEA (análisis univariado con solo pox); malaria examinada a nivel individual y correlacionada con pox.,"Matriz de covarianza de Bayenv2 (promedio de 10 corridas), verificada contra FST publicados. Sin K, sin sensibilidad.",Ninguno.,"Bayenv2: 5 corridas de 500,000 iteraciones; candidatos = top 1% de BF (≥7.4) ∧ top 10% de |ρ| de Spearman (doble umbral anti falsos positivos) → 14 SNPs (0.6%), 12 genes (HSPA8, MTHFD1L, ABLIM3...). Multiplicidad: ninguna formal (umbral de cola doble).",NO.,NO (proponen análisis intra-poblacionales futuros para confirmar).,14 SNPs asociados a prevalencia de pox; 10/12 genes ligados a estrés celular o respuesta a virus en otros taxones. Ningún solapamiento con candidatos previos de malaria.,PARCIAL: prevalencia declarada independiente de la estructura neutral del rango (citando Spurgin 2012) y matriz de covarianza como control; sin prueba de sensibilidad ni examen de qué absorbe la corrección con estructura insular fuerte (colonización 2.5 Ma / 8.5 ka).,"(1) Sin diagnóstico molecular de pox (posible clasificación errónea); (2) el doble umbral reduce falsos positivos a costa de perder loci verdaderos; (3) objetivo de generar candidatos, no inventario; (4) requiere confirmación intra-poblacional.","Mismo dato ddRAD que Sheppard 2024: dos GEA publicados sobre el mismo dataset (concentración dataset-céntrica, cf. Frachon/Roux y B. incana). n=20/población; sin validación; predictor no prefijado.","Abstract p.3154; Métodos p.3157–3158 (prevalencia, Bayenv, doble umbral); Resultados p.3159–3160 (14 SNPs, Fig. 3–4); Discusión p.3160+ (genes, limitaciones).",Extraído texto completo 28/09/2026,Review
Sheppard 2024,Anthus berthelotii; prevalencia de malaria aviar (Plasmodium) como presión; mismas 13 poblaciones de Macaronesia.,13.,ddRAD: 20–22 por población (mismo dataset Armstrong 2018).,"Mismos 2,334 SNPs independientes que Sheppard 2022.","Prevalencia poblacional de malaria (PCR anidada, ≥2 réplicas por muestra) acumulada en 15 años; fuertemente correlacionada con prevalencia de pox.","MEDIDO (diagnóstico molecular por PCR en sangre, a diferencia del pox).",Población (isla).,No declarado.,Ninguno abiótico; pox como covariable en un SEGUNDO modelo: residuales de malaria~pox como predictor (arnés de condicionamiento entre dos predictores bióticos) además del modelo crudo.,"Matriz de covarianza Bayenv2; sin K, sin sensibilidad.",Ninguno.,"Bayenv2, doble umbral (top 1% BF + top 10% |ρ|) → 18 SNPs candidatos; genes de metabolismo, estrés, regulación transcripcional, complemento e inflamación.",NO.,NO.,18 SNPs asociados a prevalencia de malaria tras controlar estructura neutral; señal parcialmente separable de pox mediante el modelo de residuales.,PARCIAL: misma estrategia que 2022 (covarianza + verificación del patrón de prevalencia vs estructura); DECLARAN explícitamente que Bayenv univariado no separa varianza compartida entre predictores correlacionados (malaria~pox) y que los falsos positivos pueden venir de factores ambientales confundidos.,(1) Naturaleza univariada de Bayenv → cautela con loci correlacionados a múltiples variables; (2) RAD = panel disperso (genes con papel real pueden escapar); (3) algunos genes sin literatura funcional.,Mismo dataset que Sheppard 2022 (no son réplicas). El modelo de residuales es el único condicionamiento biótico–biótico del corpus: importable como estándar.,Abstract e17329 p.1; Métodos (residuales malaria|pox; doble umbral); Resultados (18 SNPs); Discusión (limitaciones de Bayenv).,Extraído texto completo 28/09/2026,Review
Pais 2020,"Cornus florida (árbol nativo, poblaciones naturales); presión de antracnosis exótica (Discula destructiva) en el rango oriental de EUA; 26 sitios de colecta.","26 sitios (289 árboles), rango completo.",289 individuos.,"GBS: 3,134 SNPs/1,660 loci → 1,078 SNPs de 660 loci analizados.","Ocurrencia de antracnosis por sitio con TRES definiciones: (1) presencia visual, (2) umbral de lecturas de D. destructiva DENTRO de los datos GBS del hospedero (detección metagenómica off-target), (3) registros por condado; sintetizadas en gradiente MCA.",MEDIDO/derivado: combinación de observación de campo + secuencias del patógeno en el propio GBS + registros oficiales. La detección intra-muestra es una innovación importable.,Sitio de colecta. Rango completo.,No declarado.,Covariables abióticas incluidas (temperatura y precipitación medias del mes de colecta) para controlar confusión con la fecha/condiciones.,LFMM con factores latentes K=1–5 (STRUCTURE/DAPC: K=2–5 plausibles); EMMAX con parentesco. REPORTA SENSIBILIDAD AL K: resultados difieren entre K y con K=5 (conservador) NO hay resultados significativos; argumentan que K=5 no es óptimo.,Ninguno (más allá de la estructura).,"LFMM + EMMAX (GWAS con estructura) + gradient forest; candidatos por q-value<umbral (FDR) sobre 1,078 pruebas; 72 SNPs/68 loci; convergencia entre métodos discutida caso por caso (p. ej. lectina L-type replicada en 2 estudios previos).",NO.,NO (convergencia con dos estudios previos del sistema como apoyo externo de un candidato).,"72 SNPs/68 loci candidatos, con recambio abrupto de frecuencias en los bordes de la ecorregión Hot-Continental y del rango de la enfermedad; diversidad genética en sitios enfermos vs sanos SIN diferencia significativa.","PARCIAL-SÍ: la estructura (K=2, E–W) coincide en parte con el borde de la ecorregión y del rango del patógeno; lo manejan probando K=1–5 y mostrando qué sobrevive — el único del corpus que enseña el efecto del control como resultado.",(1) Ocurrencia ≠ intensidad de presión; (2) resolución del gradiente MCA limitada; (3) sin fenotipos de resistencia; (4) K óptimo incierto.,Sin nulo por permutación al nivel del predictor; sin validación fuera de muestra. El gradiente de enfermedad se superpone al gradiente ecológico E–W (confusión biótico–abiótico–estructura de libro para §4a).,"Abstract p.546; Métodos (3 definiciones de ocurrencia, MCA, LFMM K1–5, EMMAX); Resultados (72 SNPs; sin señal con K=5); Tabla 5; Discusión (lectina).",Extraído texto completo 28/09/2026,Review
Trumbo 2023,"Anaxyrus boreas (sapo boreal, en peligro estatal); quitridio Bd como presión; Montañas Rocosas del Sur (Colorado–Wyoming–NM); 36 sitios/15 regiones.",36 sitios (231 genotipados); GEA en 18 sitios con ≥5 individuos.,231 (GEA: 186; 5–32 por sitio).,"ddRAD vs genoma de referencia propio (primer genoma de sapo norteamericano); 34,409 SNPs.","Dos predictores: prevalencia de Bd medida en campo y TIEMPO desde la primera detección (duración, como ""generaciones enfermas"" de Beer 2024).",MEDIDO: hisopos ventrales (2 por individuo) con qPCR (protocolo Goldberg); prevalencia por sitio.,Sitio reproductivo.,No declarado.,"RDA ambiental separada con 5–11 variables (clima, cobertura, ríos, humedad, caminos, impervious), podadas por r>0.9 (elevación y rugosidad fuera); la RDA de Bd corre aparte con solo los 2 predictores bióticos.","Estructura y diferenciación BAJAS (FST bajo, conectividad histórica); usada como justificación implícita — sin condicionamiento por ancestría reportado en la RDA y sin sensibilidad.",Ninguno en la GEA (la conectividad se modela aparte con gravedad/GWM).,"Dos RDAs (sensu Capblancq & Forester): ambiental → 36 outliers; exposición a Bd → 310 outliers (SD sobre ejes RDA); genes a <25 kb (LD alto hasta ~25 kb): 88 genes de Bd (inmunidad, corazón, piel). Multiplicidad: umbral de SD, sin FDR formal.",NO.,NO.,"310 outliers asociados a Bd vs 36 a todo lo abiótico junto (>8×): la presión de enfermedad domina la señal adaptativa — eco directo del ""disease swamps"" de Fraik 2020, en anfibio y con predictor medido.",NO EXAMINADA formalmente: se apoyan en la baja estructura; no se muestra qué pasaría con la señal de Bd bajo condicionamiento por ancestría o geografía.,(1) Ne no confiable con N<5; (2) muestras pequeñas por sitio; (3) correlacional; (4) declives recientes pueden no reflejarse aún en estructura.,"El contraste 310 vs 36 usa umbrales de cola sin nulo: la comparación de conteos entre RDAs con distinto número de predictores no está calibrada. Sin prefijación, sin validación.","Abstract p.6777; Resultados 3.4 p.6786 (36 vs 310); 3.5 (88 genes, LD 25 kb); Métodos (hisopos qPCR; RDA); Discusión 4.1 (estructura baja).",Extraído texto completo 28/09/2026,Review
Smith 2019,"Atta texana (hormiga cortadora, límite norte del rango) y sus dos tipos de hongo cultivado (M y T); mutualismo obligado con transmisión vertical; Texas–Luisiana, EUA.","111 nidos a lo largo del rango (48 con M-fungi, 63 con T-fungi).",111 nidos (1 obrera/nido genotipada); hongos de los mismos nidos genotipados aparte.,"ddRAD: 4,003 SNPs en la hormiga; genotipos de cultivares para asignar tipo M/T.","IDENTIDAD DEL SOCIO: tipo de cultivar fúngico (M vs T) del nido, como covariable ecológica en BEDASSLE junto a clima.",MEDIDO: genotipificación del cultivar de cada nido.,Nido. Rango completo de la especie.,No declarado.,Temperatura (por °C) y precipitación (por cm anual) en el mismo modelo BEDASSLE.,BEDASSLE modela conjuntamente el efecto de la distancia GEOGRÁFICA (αD) y las distancias ecológicas (αE): el condicionamiento por geografía es estructural al método. Clina amplia de estructura E–O y pérdida de diversidad hacia el margen de expansión.,"Sí, implícito en BEDASSLE (distancia geográfica en el modelo).","BEDASSLE (asociación genoma-completo, sin componente por locus): efecto del tipo de cultivar sobre la diferenciación del hospedero del mismo orden de magnitud que temperatura y precipitación. Sin candidatos, sin multiplicidad (no aplica).",NO (inferencia bayesiana de efectos; sin nulo empírico).,NO.,"La diferenciación genómica de hormigas asociadas a M vs T es comparable a la asociada al clima a lo largo de todo el rango → combinaciones genoma–genoma hospedero–simbionte posiblemente favorecidas por selección. Co-estructura: clinas concordantes con M-fungi, discordantes con T-fungi (transmisión horizontal inferida).",PARCIAL: el diseño separa geografía (αD) de ecología (αE) — el más cercano del corpus a un arnés formal — pero no examina sensibilidad ni ancestría fina; los autores argumentan contra la explicación puramente demográfica de la asociación con el tipo de hongo.,(1) Sin componente por locus; (2) mecanismos de dispersión del hongo desconocidos; (3) una obrera por nido.,"Decisión de criterio (Enmienda 3a): GEA a escala genómica. El resultado es direccional para el argumento (a): en mutualismo obligado, el socio y la geografía moldean juntos la diferenciación y BEDASSLE es una vía para separarlos.",Abstract p.2831; keywords (bedassle); Resultados (tabla de efectos por °C/cm/tipo de hongo; clinas concordantes/discordantes Fig. 2); Discusión (contra explicación demográfica).,Extraído texto completo 28/09/2026,Review
Strickland 2023,"Gasterosteus aculeatus (espinocho) en el lago Mývatn, Islandia: UNA población panmíctica con heterogeneidad espacial fuerte; depredación por aves, densidad de conespecíficos y comunidad de presas como agentes.","1 población; 12 sitios con WGS (31 sitios para ecología), 500–600 m entre sitios.",WGS de individuos por sitio (profundidad ~10×); fenómica de los mismos peces.,"Resecuenciación de genoma completo: 1,205,604 SNPs.","TRES predictores bióticos medidos: densidad de aves depredadoras (n/m²), CPUE de conespecíficos, y composición de la comunidad de invertebrados-presa (zPC2–zPC4); más temperatura y profundidad.","MEDIDO en campo: censos de aves, capturas por unidad de esfuerzo, muestreo de zooplancton/invertebrados con PCA.",Sitio dentro del lago (grano fino).,No declarado.,Temperatura y profundidad en el mismo marco.,"Estructura genómica global negligible (panmixia: PCA, FST, sNMF) — el diseño intra-poblacional elimina por construcción la confusión con ancestría entre poblaciones; sensibilidad no aplica del mismo modo.",Sí: análisis espacialmente explícitos dentro del lago.,"Asociaciones genoma–fenotipo–ambiente (modelos bayesianos con ΔDIC por variable): p. ej. 15,533 SNPs candidatos para densidad de aves, 14,337 para profundidad; QTLs y genes anotados; heredabilidad SNP de rasgos h²=0.42–0.65; enriquecimiento GO (vías inmunes con temperatura/profundidad/zPC4; señalización de superficie celular con zPC3). Solapamiento entre conjuntos probado por permutación (N=0, p=0).",PARCIAL: permutación para el solapamiento entre conjuntos de SNPs (no para la asociación misma).,NO.,"Divergencia fenotípica adaptativa (talla, branquiespinas, espinas defensivas) a lo largo de gradientes de temperatura, profundidad y densidad de aves depredadoras pese a panmixia; miles de SNPs asociados a cada agente biótico; las espinas defensivas covarían con la depredación (biología clásica del sistema).","SÍ, por diseño: en panmixia la señal no puede ser estructura entre poblaciones — es el contraejemplo natural del argumento (a), y por eso vale en el corpus: muestra qué produce un GEA biótico cuando la confusión con ancestría se elimina.",(1) Asociaciones pueden reflejar plasticidad y no selección (declarado); (2) un solo lago; (3) sin réplica temporal.,Conteos de candidatos enormes (>10⁴) bajo umbrales bayesianos sin FDR formal; sin validación externa. Decisión de criterio (Enmienda 3b).,"Abstract p.1708; Métodos (12 sitios WGS, variables); Tabla de GEA (candidatos por variable, ΔDIC); Resultados (h², GO, permutación de solapamiento).",Extraído texto completo 28/09/2026,Review
Garroway 2013,"Parus major (carbonero común) en Wytham Woods, Reino Unido: UNA población reproductora; riesgo de malaria aviar y densidad de conespecíficos como agentes.","1 población; 1,174 individuos reproductores georreferenciados por nido.","1,174 individuos.","Chip de SNPs: 4,701 SNPs autosómicos.","Riesgo de infección por DOS especies de malaria aviar (P. circumflexum y P. relictum, interpolado por localización de nido) + densidad local de conespecíficos + densidad de robles (recurso) + altitud.",MEDIDO/derivado del monitoreo de largo plazo del sistema (riesgo por especie de Plasmodium en radios de 250 m alrededor del nido; censos del bosque).,"Nido/vecindario (grano fino, radios de 250 m).",No declarado (variables del monitoreo histórico del sistema).,Altitud en el mismo marco.,Población única (sin estructura entre poblaciones); estructura espacial fina modelada explícitamente.,"SÍ, el mejor del corpus: dbMEMs (mapas de autovectores de Moran) para aislar variación puramente espacial y corregir las regresiones SNP–ambiente a múltiples escalas — exactamente el control espacial que el estándar 3 pide y que casi nadie usa.","RDA/regresiones espacialmente corregidas (GEAS espacial y no espacial en paralelo): 21 SNPs asociados a riesgo de P. circumflexum, 7 a P. relictum, 9 a densidad de conespecíficos; robles y altitud sin señal comparable. Multiplicidad: corrección en el marco RDA/permutacional del análisis (verificar detalle al citar).",PARCIAL (pruebas permutacionales del marco RDA; verificar nivel).,NO.,Estructura genética a escala fina pese a capacidad de dispersión: el riesgo de malaria (dos especies con señales distintas) y la densidad de conespecíficos explican variación alélica dentro de una sola población — evidencia temprana (2013) de GEA biótico de grano fino.,"SÍ, por diseño (población única + dbMEMs): separa espacio puro de ambiente — la versión intra-poblacional del arnés H1 de Bursera.",(1) Asociación ≠ selección (plasticidad/efectos de establecimiento discutidos); (2) chip de SNPs limitado; (3) un solo sistema.,Riesgo interpolado del monitoreo (error no propagado). Decisión de criterio (Enmienda 3b). Precursor directo: GEA biótico de grano fino ANTES que el corpus de poblaciones (2013).,"Abstract p.3488 (21/7/9 SNPs); Resultados p.3493; Fig. 3; Métodos (dbMEMs, radios 250 m).",Extraído texto completo 28/09/2026,Review
Bellis 2020,"Sorghum bicolor (landraces africanas mantenidas in situ por pequeños agricultores) y la planta parásita Striga hermonthica; África subsahariana, escala continental.","2,070 accesiones georreferenciadas (sin poblaciones discretas); análisis complementarios con paneles BAP/SAP y WGS.","2,070 landraces (genotipos individuales GBS).","GBS: 317,294 SNPs (MAF>0.01); WGS en subconjuntos para deleciones de LGS1.","Idoneidad de hábitat (HS) de S. hermonthica en la localidad de cada landrace, de un SDM MaxEnt (presencias continentales + variables ambientales); modelos alternativos (ocurrencia completa vs restringido a zonas sorgo).","MODELADO: MaxEnt con presencias — como el DSI, el predictor es salida de un modelo intermedio; sin propagación de su error al GWAS.",Localidad de la accesión; continental.,No declarado.,Las variables del SDM son abióticas; en el GWAS el ambiente entra solo vía HS del parásito (sin panel abiótico paralelo bajo corrección común).,"GEMMA LMM con matriz de parentesco de los 317,294 SNPs (-gk 1, -lmm 3); reconocen covariación de señales con el fondo genómico. Sin sensibilidad al control.",Ninguno.,"GWAS ambiental (HS como rasgo): 97 regiones genómicas significativas a FDR 5%; candidatos anclados en biología previa (LGS1: alelos de pérdida de función múltiples e independientes, asociados geográficamente a la ocurrencia del parásito); Tajima D en ventanas de 5 kb para selección balanceadora alrededor de candidatos.",NO (FDR paramétrico; sin nulo empírico por permutación).,"SÍ, LA MÁS FUERTE DEL CORPUS: validación FUNCIONAL con sorgo editado por CRISPR-Cas9 — el beneficio de la resistencia mediada por LGS1 depende del genotipo del parásito y del ambiente abiótico, con costo en expresión de genes fotosintéticos (trade-off GxGxE demostrado experimentalmente).",97 regiones asociadas a la distribución del parásito; LGS1 con firmas de selección balanceadora — el mosaico geográfico de coevolución mantiene diversidad de resistencia; frecuencias bajas de alelos de resistencia incluso en zonas de alta presión (trade-offs).,PARCIAL: parentesco como control y discusión de covariación con el fondo genómico; la estructura de las landraces (razas/linajes por región) se solapa con el gradiente del parásito y no se examina con sensibilidad.,(1) HS de SDM ≠ presión medida; (2) presencias con sesgos de registro; (3) landraces: historia humana (difusión de semilla) entrelazada con la selección natural.,"CORRECCIÓN 2025 (unidades N del suelo, menor). Predictor modelado sin error propagado; sin permutación al nivel del predictor. Ejemplar para §5 (SDM como generador de predictor) y §6 (validación funcional como estándar de oro alcanzable).",Abstract p.4243; Resultados p.4244+ (97 regiones FDR 5%; LGS1; Tajima D); Métodos (MaxEnt; GEMMA -lmm 3); experimentos CRISPR (GxGxE). Corrección: PNAS 122(45) e2526590122.,Extraído texto completo 28/09/2026,Ambos
Vajana 2018,Bos taurus/indicus indígena de manejo extensivo (Uganda) y la fiebre de la Costa Este: vector Rhipicephalus appendiculatus y protozoario Theileria parva; escala nacional (51 celdas).,199 granjas en 51 celdas (LGD: 743 animales; 4±1 por granja); sin poblaciones discretas.,823 muestreados; 743 en el análisis de paisaje; 587 con prueba de infección.,"Chips Illumina Bovine (LGD ~54,596 SNPs tras filtros; BovineHD 777,961 en submuestra; PSD 12,925 SNPs con 1,355 individuos incl. razas de referencia para estructura).",DOS predictores bióticos: ψR = probabilidad de ocurrencia del vector (SDM) y γ = riesgo de infección por T. parva (GLMM sobre 587 pruebas de sangre con covariables).,MODELADO en ambos casos: SDM del vector con registros de ocurrencia + modelo epidemiológico del riesgo — el análogo más cercano al DSI en el corpus.,Granja/celda (~valores ambientales por granja); nacional.,No declarado.,Las variables ambientales alimentan los modelos intermedios; el GEA usa ψR y γ como predictores focales.,ADMIXTURE sobre PSD → coeficientes de ancestría como PREDICTORES DENTRO de los modelos samβada: comparación formal de modelos estructura-sola vs estructura+predictor (arnés tipo H1). Análisis adicional de ancestría local (correlación de candidatos con ancestría Hereford vs Tharparkar).,Implícito (celdas espaciales; sin término espacial formal).,"samβada (regresión logística por genotipo) con G-score contra el modelo con solo estructura; 41 loci candidatos para ψR y 7 para γ, con genes anotados (inmunidad). [Verificar el umbral de multiplicidad exacto al citar.]",NO.,NO (validación por anotación y por convergencia con literatura de tolerancia a ECF).,41 + 7 loci candidatos; poblaciones tolerantes esperadas donde el riesgo es alto; la señal de algunos candidatos correlaciona con ancestría taurina europea — los autores lo reportan y lo discuten.,"SÍ, DE LAS MÁS EXPLÍCITAS DEL CORPUS: estructura dentro del modelo por diseño + prueba de ancestría local sobre los candidatos; la correlación con ancestría introducida muestra el problema del argumento (a) en un sistema con flujo génico mediado por humanos.",(1) El SDM del vector ignora campañas de control locales/temporales; (2) sesgo de registros de ocurrencia; (3) cautela con las predicciones de riesgo en ciertas regiones.,Error de los DOS modelos intermedios no propagado. Movilidad de ganado dirigida por humanos = flujo génico no natural (elegible bajo Enmienda 2 pero distinto de poblaciones silvestres — declarar en la síntesis).,"Abstract; Fig. 1–2 (ψR, γ); Métodos (samβada, PSD/LGD, GLMM de infección); Resultados (41+7); Supl. Texto 5 (ancestría local Hereford); Discusión (limitaciones del SDM).",Extraído texto completo 28/09/2026,Review
Learmonth et al. 2026 (Proc R Soc B 293:20260446; 10.1098/rspb.2026.0446),"Operophtera brumata (polilla de invierno) sobre Quercus robur; Wytham Woods, Reino Unido; escala de árboles individuales (grano fino intra-poblacional, Enmienda 3b)",1 población; 8 árboles-fuente (6 focales en 3 pares <50 m),59 larvas (3–10 por árbol),"WGS 11.5x; 21,530,281 SNPs crudos -> 7,775,295 SNPs autosómicos filtrados (MAF, missing, LD 50 SNPs)",Fenología del hospedero: fecha de brotación (budburst) del roble de origen; pares de árboles con >=15 días de diferencia,"MEDIDO en campo (observación directa de brotación por árbol, serie de Wytham); sin modelado del predictor",Árbol individual (5–238 m entre robles del sistema),Sí: diseño pareado por brotación definido antes de secuenciar,Ninguno en el GEA (la brotación es la única variable); temperatura solo en el jardín común,"LFMM con factores latentes; K=1 elegido por PCA/análisis previo (PC1=1.98%, PC2=1.97%; FST global y por pares = 0)",Implícito en el diseño pareado (pares <50 m); sin dbMEM/RDA espacial,"LFMM (LEA), 5 repeticiones, 10,000 iteraciones, por cromosoma; corrección de Bonferroni genoma completo; complementado con pi, Tajima D y FST por ventanas",No (usan Bonferroni + QQ/lambda como calibración; lambda=0.5),"Sí, y de las fuertes: jardín común a 6 temperaturas (la brotación del árbol de origen NO predice la eclosión; día de colecta materna sí: 0.31 d/d [0.17,0.45]) y translocación recíproca de 122 puestas (sin efecto del desajuste sobre 4 proxies de aptitud, hasta 13.1 días de adelanto)","NEGATIVO: 3 SNPs sobre el umbral pero aislados, lambda=0.5; los autores los interpretan como probables falsos positivos; sin adaptación local a la fenología del hospedero a esta escala","Sí, en sentido inverso: SIN estructura (FST=0, PC1=1.98%) el GEA queda calibrado (lambda=0.5) y el resultado negativo es creíble; ilustra que la confusión del argumento (a) surge CON estructura, no sin ella",Los autores declaran: tamaño muestral limitado para efectos pequeños; una sola generación/año de muestreo; translocación sin seguimiento a adulto,"Lectura propia: la brotación del árbol es un predictor biótico casi ideal (medido, sin error de modelo) — el contraste exacto con predictores modelados (Vajana, Bellis, DSI); n=59 limita potencia, pero la triangulación experimental compensa","Fig. 3 (diseño y PCA), Fig. 4c (Manhattan LFMM), §3d y discusión §4c (interpretación de falsos positivos); jardín común Fig. 1, translocación Fig. 2",Extraído de texto completo (txt) 28/09/2026,"Sección 5 (estándar de evidencia, argumento c) + Tabla 1; contrapeso negativo del corpus junto a Wenzel 2016 (que quedó fuera de tabla)"
